{
  "name": "§2§n§lClimbing",
	"description": "Little claws allow for climbing on blocks.",
	"type": "origins:climbing",
    "condition": {
        "type": "origins:collided_horizontally"
    },
    "hold_condition": {
      "type": "origins:and",
      "conditions": [
        {
          "type": "origins:or",
          "conditions": [
            {
              "type": "origins:block_collision",
              "offset_x": 0.01,
              "offset_z": 0.01,
              "offset_y": 0
            },
            {
              "type": "origins:block_collision",
              "offset_x": -0.01,
              "offset_z": -0.01,
              "offset_y": 0
            }
          ]
        },
        {
          "type": "origins:sneaking"
        }
      ]
    }
}