{
	"hidden": true,
	"type": "origins:multiple",
	"healaura_passive":{
		"type": "origins:action_over_time",
		"entity_action": {
			"type": "origins:if_else_list",
			"actions": [
				{
					"condition": {
						"type": "origins:and",
						"conditions": [
							{
								"type": "origins:resource",
								"resource": "davwyndragon:mana_resource",
								"comparison": ">=",
								"compare_to": 6
							}
						]
					},
					"action": {
						"type": "origins:and",
						"actions": [
							{
								"type": "origins:change_resource",
								"resource": "davwyndragon:mana_resource",
								"change": -6
							},
							{
								"type": "origins:execute_command",
								"command": "function davwyndragon:healaura",
								"permission_level": 5
							}
						]
					}
				},
				{
					"condition": {
						"type": "origins:and",
						"conditions": [
							{
								"type": "origins:resource",
								"resource": "davwyndragon:mana_resource",
								"comparison": "<",
								"compare_to": 6
							}
						]
					},
					"action": {
						"type": "origins:and",
						"actions": [
							{
								"type": "origins:change_resource",
								"resource": "davwyndragon:healaura_toggle",
								"change": -1
							},
							{
								"type": "origins:play_sound",
								"sound": "minecraft:block.beacon.deactivate",
								"volume": 1.0,
								"pitch": 1.2
							}
						]
					}
				}
			]
		},
		"interval": 50,
		"condition": {
			"type": "origins:and",
			"conditions": [
				{
					"type": "origins:resource",
					"resource": "davwyndragon:healaura_toggle",
					"comparison": "==",
					"compare_to": 1
				}
			]
		}
	}
}