{
	"hidden": true,
	"type": "origins:multiple",
	"key_press_forward_timer":{
		"type": "origins:action_over_time",
		"entity_action": {
			"type": "origins:and",
			"actions": [
				{
					"type": "origins:change_resource",
					"resource": "davwyndragon:passive_key_resource_forward_timer",
					"change": -1
				}
			]
		},
		"interval": 1,
		"condition": {
			"type": "origins:and",
			"conditions": [
				{
					"type": "origins:resource",
					"resource": "davwyndragon:passive_key_resource_forward_timer",
					"comparison": ">",
					"compare_to": 0
				}
			]
		}
	},
	"key_press_backward_timer":{
		"type": "origins:action_over_time",
		"entity_action": {
			"type": "origins:and",
			"actions": [
				{
					"type": "origins:change_resource",
					"resource": "davwyndragon:passive_key_resource_backward_timer",
					"change": -1
				}
			]
		},
		"interval": 1,
		"condition": {
			"type": "origins:and",
			"conditions": [
				{
					"type": "origins:resource",
					"resource": "davwyndragon:passive_key_resource_backward_timer",
					"comparison": ">",
					"compare_to": 0
				}
			]
		}
	},
	"key_press_left_timer":{
		"type": "origins:action_over_time",
		"entity_action": {
			"type": "origins:and",
			"actions": [
				{
					"type": "origins:change_resource",
					"resource": "davwyndragon:passive_key_resource_left_timer",
					"change": -1
				}
			]
		},
		"interval": 1,
		"condition": {
			"type": "origins:and",
			"conditions": [
				{
					"type": "origins:resource",
					"resource": "davwyndragon:passive_key_resource_left_timer",
					"comparison": ">",
					"compare_to": 0
				}
			]
		}
	},
	"key_press_right_timer":{
		"type": "origins:action_over_time",
		"entity_action": {
			"type": "origins:and",
			"actions": [
				{
					"type": "origins:change_resource",
					"resource": "davwyndragon:passive_key_resource_right_timer",
					"change": -1
				}
			]
		},
		"interval": 1,
		"condition": {
			"type": "origins:and",
			"conditions": [
				{
					"type": "origins:resource",
					"resource": "davwyndragon:passive_key_resource_right_timer",
					"comparison": ">",
					"compare_to": 0
				}
			]
		}
	},
	"key_press_forward_detect":{
		"type": "origins:active_self",
		"entity_action": {
			"type": "origins:and",
			"actions": [
				{
					"type": "origins:change_resource",
					"resource": "davwyndragon:passive_key_resource_forward_timer",
					"change": 5
				}
			]
		},
		"cooldown": 0,
		"hud_render": {
			"should_render": false
		},
		"key": {
			"key": "key.forward",
			"continuous": false
		}
	},
	"key_press_backward_detect":{
		"type": "origins:active_self",
		"entity_action": {
			"type": "origins:and",
			"actions": [
				{
					"type": "origins:change_resource",
					"resource": "davwyndragon:passive_key_resource_backward_timer",
					"change": 5
				}
			]
		},
		"cooldown": 0,
		"hud_render": {
			"should_render": false
		},
		"key": {
			"key": "key.back",
			"continuous": false
		}
	},
	"key_press_left_detect":{
		"type": "origins:active_self",
		"entity_action": {
			"type": "origins:and",
			"actions": [
				{
					"type": "origins:change_resource",
					"resource": "davwyndragon:passive_key_resource_left_timer",
					"change": 5
				}
			]
		},
		"cooldown": 0,
		"hud_render": {
			"should_render": false
		},
		"key": {
			"key": "key.left",
			"continuous": false
		}
	},
	"key_press_right_detect":{
		"type": "origins:active_self",
		"entity_action": {
			"type": "origins:and",
			"actions": [
				{
					"type": "origins:change_resource",
					"resource": "davwyndragon:passive_key_resource_right_timer",
					"change": 5
				}
			]
		},
		"cooldown": 0,
		"hud_render": {
			"should_render": false
		},
		"key": {
			"key": "key.right",
			"continuous": false
		}
	}
}