{
	"name": "§f§n§lUltimate Resource",
	"description": "Ultimate is the resource used by some abilities when it's full.§7\n- this resource regenerates over time after depleted.",
	"type": "origins:resource",
    "min": 0,
    "max": 100,
    "hud_render": {
        "should_render": true,
		"sprite_location": "origins:textures/gui/community/huang/resource_bar_01.png",
		"bar_index": 24,
		"condition":{
			"type": "origins:and",
			"conditions": [
				{
					"type": "origins:resource",
					"resource": "davwyndragon:ultimate_resource",
					"comparison": "<",
					"compare_to": 100
				}
			]
		}
	}
}
