{
	"powers": [
		"davwyndragon:active_cycle_skills",
		"davwyndragon:level_resource",
		
		"davwyndragon:mana_resource",
		"davwyndragon:stamina_resource",
		"davwyndragon:rage_resource",
		"davwyndragon:ultimate_resource",
		
		"davwyndragon:no_food_regen",
		"davwyndragon:weak_body",
		
		"davwyndragon:passive_regen",
		
		"davwyndragon:passive_hover",
		
		"davwyndragon:fireblast_cooldown",
		"davwyndragon:healaura_toggle",
		"davwyndragon:roll_dash_cooldown",
		"davwyndragon:energyorb_toggle",
		"davwyndragon:beamsaberclaw_cooldown",
		"davwyndragon:revenge_stand",
		
		"davwyndragon:option_toggle",
		
		"davwyndragon:active_primary_skills",
		"davwyndragon:pvp_toggle",
		"davwyndragon:ability_delay",
		"davwyndragon:energyorb_mode",
		"davwyndragon:energyorb_ammo",
		"davwyndragon:energyorb_turret_ammo",
		"davwyndragon:passive_resource",
		"davwyndragon:state_resource",
		"davwyndragon:prevent_flight_resource",
		"davwyndragon:energyorb_random_resource",
		"davwyndragon:skill_cycle",
		"davwyndragon:option_toggle_hold",
		"davwyndragon:energyorb_shoot_toggle",
		"davwyndragon:rage_resource_delay",
		"davwyndragon:beamsaberclaw_action_resource",
		"davwyndragon:beamsaberclaw_timeline_resource",
		"davwyndragon:beamsaberclaw_random_resource",
		"davwyndragon:passive_key_resource_forward_timer",
		"davwyndragon:passive_key_resource_backward_timer",
		"davwyndragon:passive_key_resource_left_timer",
		"davwyndragon:passive_key_resource_right_timer",
		"davwyndragon:passive_roll_dash_forward_toggle",
		"davwyndragon:passive_roll_dash_backward_toggle",
		"davwyndragon:passive_healaura",
		"davwyndragon:passive_energy_orb",
		"davwyndragon:passive_key_detect",
		"davwyndragon:passive_roll_dash",
		"davwyndragon:passive_beamsaberclaw",
		"davwyndragon:weak_body_passive",
		"davwyndragon:passive_wings",
		
		"davwyndragon:dav_flyboost_resource",
		"davwyndragon:dav_active_flyboost",

		"davwyndragon:dav_minidrake_size",
		"davwyndragon:dav_bite",
		"davwyndragon:dav_carnivore",
		"davwyndragon:dav_carnivore_bonus",
		"davwyndragon:dav_highjump",
		"davwyndragon:dav_climb",
		"davwyndragon:dav_nightvision",
		"davwyndragon:dav_glow",
		"davwyndragon:dav_fallimmune",
		"davwyndragon:dav_diggy_claws",
		"davwyndragon:dav_diggy_claws_breakspeed_stone",
		"davwyndragon:dav_diggy_claws_breakspeed_dirt",
		"davwyndragon:dav_diggy_claws_breakspeed_wood",
		"davwyndragon:dav_no_craftingtable",
		"davwyndragon:dav_no_weapons"
	],
	"icon": "minecraft:amethyst_shard",
	"order": 999,
	"impact": 3,
	"name": "Davwyn Dragon",
	"description": "A cute little murrper"
}